Nombre,Apellido,Edad,Correo electrónico,ID Nacional,Nacionalidad,Tipo de Challenge,Tipo de instancia
Kimberly,Lynch,28,johnlevine@example.com,X14702694,Reunion,,Persona
Sarah,Porter,30,matthewpatel@example.org,G37586191,Bahrain,,Persona
Kelly,Gilbert,35,chicks@example.com,P54956533,Benin,,Persona
Stephen,Long,18,michaelrobinson@example.net,S87546163,Oman,Presencial,Seguidor
Michael,Chambers,46,floresleslie@example.net,V76012689,Brazil,Ninguno,CreadorDeChallenge
Laura,Wong,22,lori46@example.com,E18301929,Philippines,,Persona
Susan,Montgomery,29,sking@example.org,X18381246,Uruguay,,Persona
Vanessa,Bryant,22,stephanie65@example.net,G88330808,Central African Republic,Presencial,Seguidor
Krystal,Avery,61,lance46@example.com,N39899118,Trinidad and Tobago,Donacion,Seguidor
Kayla,Bell,37,bassmichael@example.com,B19540181,Belarus,Donacion,Seguidor
Marcus,Foley,51,davidsonjacob@example.net,F37137838,Kazakhstan,,Persona
Mary,Kelly,20,fnguyen@example.org,A10481071,Anguilla,,Persona
Kimberly,Campbell,82,ronnie39@example.com,I91439188,Mauritius,,Persona
Megan,Parker,27,alyssa72@example.net,M55870592,Israel,Ninguno,CreadorDeChallenge
Jonathan,Rubio,38,rachelwhitaker@example.com,I74218981,Switzerland,Donacion,Seguidor
John,Silva,29,iwebb@example.net,G55092552,Saint Vincent and the Grenadines,Presencial,Seguidor
Steven,Shepherd,56,nicholasnguyen@example.net,L75458211,Cook Islands,,Persona
Andrew,Miller,31,michaellester@example.net,E17409186,Sierra Leone,Ninguno,CreadorDeChallenge
Harold,Barry,58,thomas53@example.com,C13992101,Solomon Islands,,Persona
Colleen,Johnson,47,martin79@example.net,X70799581,United Kingdom,Ninguno,CreadorDeChallenge
Emily,Maxwell,47,ngray@example.net,N23032357,Indonesia,,Persona
Spencer,Wood,41,michelle54@example.com,F91205935,Norway,Piloto,Seguidor
Dominique,Gardner,19,hcastillo@example.com,R31578770,Ethiopia,Piloto,Seguidor
Joshua,Ryan,24,ehoward@example.com,F21892707,Timor-Leste,,Persona
Laura,Baker,65,ogonzalez@example.com,F55519731,Qatar,,Persona
Margaret,Mitchell,33,fmonroe@example.org,L40068032,Moldova,Donacion,Seguidor
Joshua,Hodges,18,smithamy@example.net,B18177054,French Guiana,Presencial,Seguidor
Jonathon,Johnson,21,stephen57@example.org,D86325492,Luxembourg,,Persona
Maria,Fleming,57,zchavez@example.org,A31952583,Cook Islands,,Persona
Douglas,Thomas,90,ppaul@example.net,L34495261,Kuwait,,Persona
Sergio,Hernandez,35,bradleycynthia@example.com,O19295498,Bosnia and Herzegovina,Donacion,Seguidor
Stephanie,Castro,49,lisawoods@example.org,Z43378652,Belize,Donacion,Seguidor
Karen,Johnson,68,garnerjulie@example.com,M98776923,Guinea-Bissau,,Persona
Timothy,King,26,denise36@example.net,I12232044,Christmas Island,Ninguno,CreadorDeChallenge
Mark,Kidd,34,fgraham@example.net,B23545147,Djibouti,,Persona
Richard,Mullen,36,josephcobb@example.net,C23294930,Zambia,Donacion,Seguidor
Anthony,Gilmore,58,wintersnatasha@example.com,V43432698,South Africa,Piloto,Seguidor
Kevin,Schroeder,28,herreramatthew@example.org,N29303729,Antigua and Barbuda,Presencial,Seguidor
Judith,Harris,23,yreed@example.net,J87246759,Maldives,Piloto,Seguidor
Mark,Walker,44,hedwards@example.com,Y53813588,Bosnia and Herzegovina,Piloto,Seguidor
Nathaniel,Anderson,64,joserice@example.com,S13690933,Austria,Donacion,Seguidor
Eric,Moore,40,cobbchris@example.org,H99379911,Korea,,Persona
Kathleen,Jackson,46,erikriley@example.com,X29458867,Macedonia,Piloto,Seguidor
Aaron,Atkins,65,laura81@example.org,B94828635,Reunion,,Persona
Susan,Duran,74,xbradley@example.com,S23608985,Belize,Donacion,Seguidor
Christopher,Schroeder,32,ryanthomas@example.net,B03645094,Iraq,,Persona
Andrew,Wise,86,amypatton@example.com,D89250962,Heard Island and McDonald Islands,Donacion,Seguidor
Larry,Huynh,42,gary02@example.net,H89639677,Samoa,,Persona
April,Chavez,64,bpham@example.com,M45551033,Thailand,Presencial,Seguidor
Jodi,Mayer,19,qhodge@example.net,I66302800,Montserrat,,Persona
Veronica,Martinez,52,campbellrobert@example.net,E31253958,Vanuatu,,Persona
Anthony,Scott,33,hrogers@example.org,V58354340,Swaziland,Ninguno,CreadorDeChallenge
Elizabeth,Martinez,21,unelson@example.org,Q85914999,Slovenia,Donacion,Seguidor
Daniel,Torres,34,miguel12@example.net,J38773151,Israel,,Persona
William,Harris,75,suzanneolson@example.org,Q92121440,Saint Pierre and Miquelon,,Persona
Shannon,Riley,32,klucero@example.org,X10730901,Macedonia,,Persona
William,Barry,43,william67@example.org,W16584857,Israel,Donacion,Seguidor
Sarah,Goodman,44,jennifer60@example.com,U25712190,Heard Island and McDonald Islands,Presencial,Seguidor
William,Goodwin,63,zhenderson@example.org,N58007786,Lao People's Democratic Republic,Donacion,Seguidor
John,Adams,30,kfischer@example.org,T93978446,Congo,,Persona
Stacey,Michael,90,stevenhill@example.net,U45748841,Bermuda,,Persona
Cindy,Ayala,40,hramos@example.com,I99060223,Tuvalu,,Persona
Jared,Jordan,26,kevin49@example.net,J46643256,Saint Lucia,Donacion,Seguidor
Kimberly,Davis,51,natasha81@example.com,U26637979,Kazakhstan,Piloto,Seguidor
Robert,Rogers,38,nicholas56@example.net,R40882098,El Salvador,Presencial,Seguidor
Aaron,Petty,49,dcook@example.org,W72044618,Cook Islands,,Persona
Donald,Richardson,55,schmidtmatthew@example.com,U09704100,Malaysia,,Persona
Julie,Price,18,mary51@example.org,W57586119,Georgia,Ninguno,CreadorDeChallenge
Monica,Hernandez,41,elizabethjoseph@example.net,I47065606,Singapore,,Persona
Shelly,Swanson,27,michaeldavis@example.net,M10879198,Zimbabwe,,Persona
Joshua,Roberts,30,jessicathomas@example.com,N23120907,United States Minor Outlying Islands,,Persona
Nicole,Rogers,65,rodriguezkendra@example.net,C50622633,Congo,Piloto,Seguidor
Robert,Castillo,60,zacharysanchez@example.net,J01723409,Zambia,Ninguno,CreadorDeChallenge
Diane,Romero,62,blackashley@example.org,Q86236030,Guernsey,Piloto,Seguidor
Monica,Benitez,39,brian39@example.net,E86723035,Nigeria,,Persona
Scott,Thompson,37,lisa70@example.org,M33639732,Romania,,Persona
Todd,Garcia,23,kelly90@example.net,W98017587,Switzerland,,Persona
William,Nelson,45,christopher39@example.org,S18214937,Sao Tome and Principe,,Persona
Jack,Morris,66,michael36@example.com,N25186756,Papua New Guinea,,Persona
Stephen,Davis,39,joywade@example.com,H28386857,French Southern Territories,Piloto,Seguidor
Jacob,Mullen,19,vazquezpatricia@example.net,G78364455,Tonga,Ninguno,CreadorDeChallenge
Jonathan,Collins,26,ebrooks@example.org,G60682638,Mayotte,,Persona
Patricia,Campbell,36,samuelyoung@example.net,Q98364780,Nicaragua,,Persona
Abigail,Hobbs,38,ruthmay@example.net,G23820530,Cote d'Ivoire,,Persona
Robert,Lloyd,23,april28@example.net,M24166052,Iraq,Donacion,Seguidor
Yolanda,Gutierrez,55,josephdavis@example.org,N66677337,Nepal,Donacion,Seguidor
Helen,Rodriguez,67,pateltanner@example.com,V68885116,Korea,,Persona
Todd,Day,24,gmathis@example.org,E57015084,Tunisia,Ninguno,CreadorDeChallenge
Nancy,Costa,65,kellyjustin@example.net,X32644882,Saudi Arabia,Abogado,Seguidor
Gregg,Mccoy,31,donald96@example.org,W68465424,Greenland,Donacion,Seguidor
Stanley,Moon,18,woodsjose@example.org,M06407381,Suriname,,Persona
Charles,Davis,25,smithregina@example.com,O96716439,Puerto Rico,Donacion,Seguidor
Crystal,Doyle,29,jbrown@example.net,Q14092944,Mauritania,,Persona
Timothy,Walker,80,wesleysmith@example.org,B90888121,Russian Federation,Donacion,Seguidor
Margaret,Roberts,70,olivia58@example.net,J69015224,Saint Barthelemy,,Persona
Oscar,Smith,24,butlerkatherine@example.org,A15048824,Tunisia,,Persona
James,Lee,57,chase92@example.org,Y17203186,Turkey,Donacion,Seguidor
Carolyn,Rhodes,39,molinascott@example.net,D84160743,Norfolk Island,,Persona
Linda,Jones,39,callen@example.org,W61955646,Bangladesh,,Persona
John,Mills,86,tinawilliams@example.org,A79366723,Australia,Donacion,Seguidor
James,Gonzales,34,lopezlaura@example.org,J62800965,Finland,,Persona
Kimberly,Cameron,45,cherrydiana@example.org,T63660881,Saint Helena,Donacion,Seguidor
Casey,Lee,18,pbass@example.org,H57481927,Falkland Islands (Malvinas),Donacion,Seguidor
Tiffany,Shaw,89,brandon07@example.net,G26732428,Ghana,Presencial,Seguidor
Tony,Jones,33,valdezdavid@example.org,J43701178,Tuvalu,Ninguno,CreadorDeChallenge
Michelle,Reed,21,helen39@example.org,E05862916,Angola,Donacion,Seguidor
James,Davis,25,jackmartinez@example.org,E89620201,Sudan,,Persona
Sarah,Moore,67,danielle31@example.net,S94792321,Belize,Ninguno,CreadorDeChallenge
Stephen,Wilkerson,61,abaker@example.org,D72382142,Nepal,Ninguno,CreadorDeChallenge
Jacob,Wood,40,jenniferjackson@example.net,L69541122,India,,Persona
David,Torres,65,harrisnicole@example.org,E69257487,Northern Mariana Islands,,Persona
Matthew,Ochoa,30,jason69@example.org,I99456107,Somalia,Donacion,Seguidor
Katie,Mathews,26,greerrachel@example.com,P51581057,Belarus,,Persona
Jacob,Rose,62,vickie41@example.org,W90785960,Guernsey,Donacion,Seguidor
Mark,Blevins,65,lkline@example.org,E17733873,Greece,Donacion,Seguidor
Samuel,Holt,29,samuelrichardson@example.org,J46116418,Jamaica,Donacion,Seguidor
Joseph,Smith,24,halvarado@example.net,W93199157,Solomon Islands,Donacion,Seguidor
Jaime,Johnson,26,sspencer@example.com,V97033199,Grenada,,Persona
Craig,Sellers,33,rrojas@example.net,R79976344,Fiji,Presencial,Seguidor
Felicia,Watts,73,tschneider@example.org,P48950322,Latvia,,Persona
Kathleen,Fletcher,30,kimberly44@example.net,U46921635,Bolivia,,Persona
Marc,Stuart,53,pwatson@example.org,Z09560509,Kazakhstan,Donacion,Seguidor
Barbara,Daniels,30,davisdavid@example.com,F05116975,Canada,Ninguno,CreadorDeChallenge
Cynthia,Wilson,40,jallen@example.org,K93587525,Moldova,Donacion,Seguidor
Amanda,Dixon,64,kevin83@example.net,O13234852,French Southern Territories,Donacion,Seguidor
Jeremiah,Mills,45,jessicaguerrero@example.net,H15522767,Saint Martin,,Persona
Jenna,Smith,24,krichards@example.org,M94855378,Dominica,Traductor,Seguidor
Kelly,Willis,90,qmorse@example.com,L22414433,Zambia,,Persona
Cassandra,Taylor,57,carlos85@example.com,J04761538,Kyrgyz Republic,,Persona
Mary,Hill,54,susandavis@example.net,I45628951,Nauru,Presencial,Seguidor
Steven,May,22,crossdavid@example.net,Z89824139,Reunion,,Persona
James,King,54,ujackson@example.net,T56641039,British Indian Ocean Territory (Chagos Archipelago),,Persona
Katelyn,Clark,18,alan00@example.com,D33724467,Australia,Ninguno,CreadorDeChallenge
Michael,Spears,49,diazcindy@example.org,P64823174,San Marino,Ninguno,CreadorDeChallenge
Kathleen,Garcia,54,kevin30@example.net,L62528033,Croatia,,Persona
Emily,Mitchell,24,kelly19@example.org,U10107559,Antigua and Barbuda,Donacion,Seguidor
Jeremy,Crane,56,elizabethrodriguez@example.com,C79672469,Aruba,Donacion,Seguidor
Larry,Diaz,55,william52@example.net,K29232608,Hong Kong,Presencial,Seguidor
Michael,Green,68,aprilriggs@example.org,U24620571,Gambia,Ninguno,CreadorDeChallenge
Tonya,Ellis,30,orobinson@example.org,J02746120,Somalia,,Persona
Justin,York,24,shannonmartinez@example.com,J85296458,Palau,Donacion,Seguidor
Michelle,Scott,84,vbell@example.net,O63302151,France,,Persona
Marilyn,Bond,26,terricampbell@example.org,F40075881,British Virgin Islands,Donacion,Seguidor
Beverly,Gutierrez,36,justinhayes@example.com,G39404224,Iraq,,Persona
Jon,Payne,22,grayrobert@example.com,X71481941,Nigeria,Donacion,Seguidor
Kristi,Phillips,26,josephsullivan@example.net,C45331100,Costa Rica,Donacion,Seguidor
Beth,Wilson,37,james89@example.com,J01620857,Saint Helena,Donacion,Seguidor
Samuel,Horton,44,thompsonjustin@example.com,E84234744,Tajikistan,,Persona
Sabrina,Taylor,57,ojennings@example.net,V60411625,Canada,Presencial,Seguidor
Mike,Livingston,37,joshuarodriguez@example.com,W02323918,Afghanistan,Ninguno,CreadorDeChallenge
Michelle,Mendoza,20,imartinez@example.org,S00994110,Niue,Donacion,Seguidor
Holly,Ray,18,josephhuynh@example.org,W46781357,South Georgia and the South Sandwich Islands,Donacion,Seguidor
Brian,Zhang,44,deborah19@example.net,Y31356115,Greenland,Donacion,Seguidor
Cynthia,Marquez,25,aperez@example.org,K21597377,Heard Island and McDonald Islands,Donacion,Seguidor
Karl,White,60,kevin84@example.com,Q61376493,Russian Federation,Piloto,Seguidor
Kelly,Walker,32,terry83@example.net,O58758645,Luxembourg,Donacion,Seguidor
Mark,Graham,62,shannonpalmer@example.org,C84598234,Azerbaijan,Donacion,Seguidor
Tyler,Long,36,oneillamy@example.com,W71283778,Australia,Traductor,Seguidor
Kevin,Tran,42,jadebailey@example.org,R25236711,French Guiana,Donacion,Seguidor
Steven,Hawkins,82,xgibbs@example.com,P29392785,Malta,Donacion,Seguidor
Bradley,Gray,69,williamsmichael@example.net,M76951410,Central African Republic,Presencial,Seguidor
Erica,Schmidt,21,lmiller@example.org,L36075899,Puerto Rico,Abogado,Seguidor
Betty,Harris,28,iscott@example.com,Z18976354,Western Sahara,Abogado,Seguidor
Crystal,Parks,18,ycline@example.org,A57544134,Jamaica,Donacion,Seguidor
Jennifer,Gomez,57,egibson@example.com,E96695359,Kazakhstan,Donacion,Seguidor
James,Montgomery,37,heatherwilliams@example.net,P20480729,Algeria,Abogado,Seguidor
Morgan,Sellers,21,powellsteven@example.org,V59798455,Austria,Donacion,Seguidor
Madeline,Bailey,33,rhondanoble@example.net,X06450561,Philippines,Donacion,Seguidor
Roy,Jenkins,38,cconway@example.org,C67527825,Saint Lucia,Donacion,Seguidor
Kathleen,Woods,34,arhodes@example.net,L38681911,Libyan Arab Jamahiriya,Donacion,Seguidor
Christopher,Sullivan,41,douglasreid@example.org,N87503849,Botswana,Donacion,Seguidor
Devin,Diaz,50,chavezkimberly@example.com,M50802369,Denmark,Piloto,Seguidor
David,Parker,35,cookmichael@example.org,A04365358,Hong Kong,Donacion,Seguidor
Kelly,Cohen,55,walkerscott@example.net,J38509296,Jordan,Piloto,Seguidor
Marie,Williams,44,andrew62@example.com,E51371632,Iraq,Abogado,Seguidor
Todd,Williams,37,maldonadogregory@example.com,B49737157,Seychelles,Donacion,Seguidor
Vickie,Brown,35,jessicapennington@example.com,L16094237,Ukraine,Donacion,Seguidor
Robert,Martin,20,thomasmartinez@example.net,S83454315,New Zealand,Donacion,Seguidor
Walter,Davis,21,liujessica@example.net,H71261535,Guinea,Donacion,Seguidor
William,Wood,19,pcook@example.net,M48517472,Libyan Arab Jamahiriya,Piloto,Seguidor
Jennifer,Tucker,27,michaelgarcia@example.org,V92929265,South Georgia and the South Sandwich Islands,Donacion,Seguidor
Anthony,Strickland,19,goldenjesse@example.org,T95646109,Pitcairn Islands,Abogado,Seguidor
Eric,Harris,55,moorecarla@example.org,M27413971,Bolivia,Donacion,Seguidor
Cynthia,Maxwell,57,choward@example.net,J21812217,Guatemala,Traductor,Seguidor
Michael,Proctor,35,josephchristopher@example.org,D45410235,Nepal,Donacion,Seguidor
Jacob,Simpson,19,xmartin@example.net,X76527459,Papua New Guinea,Donacion,Seguidor
Jessica,Hicks,92,kingjennifer@example.com,P36345053,Puerto Rico,Abogado,Seguidor
William,Aguilar,61,bnunez@example.com,K99349579,Paraguay,Abogado,Seguidor
Kimberly,Mack,60,fchandler@example.com,B36573313,Palau,Donacion,Seguidor
Nicholas,Miller,25,michelle53@example.org,B96169560,Hong Kong,Piloto,Seguidor
Daniel,Keller,47,moorecatherine@example.net,G50452482,Kiribati,Donacion,Seguidor
Brandi,Cardenas,19,mpena@example.com,F13489634,Marshall Islands,Donacion,Seguidor
Jean,Perez,34,ericscott@example.net,G41664808,Djibouti,Donacion,Seguidor
Natalie,Perez,26,sullivanrobert@example.org,G96577751,Senegal,Donacion,Seguidor
Richard,Torres,39,haleangela@example.org,G47766073,Macedonia,Donacion,Seguidor
Kylie,Jimenez,30,paigecastillo@example.net,P05344439,Congo,Donacion,Seguidor
Matthew,Glover,34,kconley@example.com,I22294311,Montserrat,Donacion,Seguidor
Abigail,Berry,18,qlane@example.net,M88668437,Bahrain,Donacion,Seguidor
Kristen,Potts,53,kellybishop@example.com,D78339704,Anguilla,Traductor,Seguidor
Louis,Gonzalez,44,michelleyang@example.net,F43751982,Australia,Donacion,Seguidor
Dylan,Miller,52,hgonzales@example.org,Y33007085,Venezuela,Donacion,Seguidor
Andrew,Bailey,21,psnow@example.com,X02440144,Tokelau,Piloto,Seguidor
Greg,Long,43,brandonbeck@example.org,Z70261273,Guatemala,Piloto,Seguidor
Amy,Farmer,28,lwagner@example.org,H74122321,Japan,Traductor,Seguidor
Michael,Hawkins,64,carrolljames@example.net,S39230328,Macao,Donacion,Seguidor
Lisa,Young,58,fjones@example.org,J68845299,Monaco,Abogado,Seguidor
Dustin,Gregory,24,jasonholloway@example.net,M09675919,Faroe Islands,Donacion,Seguidor
Anthony,Brown,40,benitezamanda@example.net,U42390990,Pakistan,Donacion,Seguidor
Douglas,Powell,87,stephanie47@example.org,F76370837,France,Presencial,Seguidor
Michael,Graham,58,aliciamiller@example.com,H20913659,Equatorial Guinea,Donacion,Seguidor
Eric,Hickman,63,christopher44@example.org,Q56929132,Nauru,Traductor,Seguidor
Robert,Lee,65,xrivera@example.org,D59447929,Armenia,Donacion,Seguidor
Natalie,Mitchell,52,mejiachad@example.com,B42310990,Martinique,Donacion,Seguidor
Katherine,Jones,63,richardmoore@example.net,G61499222,Switzerland,Donacion,Seguidor
Chad,Chapman,42,nicolemercado@example.net,N84644282,Paraguay,Presencial,Seguidor
Shannon,Martin,35,eric95@example.net,G28183937,Grenada,Donacion,Seguidor
Brent,Ho,31,wrodgers@example.net,O74528865,Palau,Donacion,Seguidor
Susan,Wells,38,joseph57@example.net,I93436005,Libyan Arab Jamahiriya,Donacion,Seguidor
Paige,Perry,59,joseph09@example.net,Y51017334,Zimbabwe,Donacion,Seguidor
Kristine,Ball,31,brittneycurtis@example.net,E95637607,Taiwan,Traductor,Seguidor
Kimberly,Peterson,51,lorimay@example.org,U51762077,Kyrgyz Republic,Donacion,Seguidor
Amy,Moore,69,oconnelldavid@example.com,F42799205,Dominica,Donacion,Seguidor
Lucas,Flores,28,daniel40@example.net,I21049554,New Caledonia,Donacion,Seguidor
Jeremy,Smith,64,alicialivingston@example.net,K31455327,Jersey,Donacion,Seguidor
Jorge,Rice,56,changjoann@example.org,Q41451589,Isle of Man,Traductor,Seguidor
Stephanie,Benitez,36,abigailsimmons@example.com,I55618120,Saudi Arabia,Donacion,Seguidor
Andrew,Harrison,39,gonzalezrhonda@example.com,J58383288,Palestinian Territory,Presencial,Seguidor
Travis,Lee,65,omills@example.net,I06965104,Slovakia (Slovak Republic),Donacion,Seguidor
William,Madden,30,johnwallace@example.net,N32237180,Costa Rica,Presencial,Seguidor
Abigail,Greene,40,iatkinson@example.com,Y43466674,Malta,Donacion,Seguidor
Martha,Brewer,32,christopherlewis@example.com,J30839269,Honduras,Donacion,Seguidor
Randy,Stein,63,gchavez@example.org,B19172864,Jordan,Donacion,Seguidor
April,Wheeler,29,victor10@example.net,B60042836,Uzbekistan,Donacion,Seguidor
Valerie,Williams,60,rebecca45@example.org,O61862868,Poland,Donacion,Seguidor
Robert,Holmes,23,robert18@example.org,Y87786031,Bahrain,Donacion,Seguidor
Julie,Castro,55,coopertroy@example.net,R55316422,Cayman Islands,Donacion,Seguidor
Frank,Miller,24,lawsonerin@example.com,V78486664,Norway,Presencial,Seguidor
Jeffery,Glover,53,mburns@example.net,V27553643,Tokelau,Donacion,Seguidor
Tina,Kim,61,matthew05@example.org,L19825412,Uganda,Presencial,Seguidor
Taylor,Brown,44,xcole@example.org,C44919964,Moldova,Traductor,Seguidor
Eric,Miller,36,kanderson@example.org,W80500090,Western Sahara,Donacion,Seguidor
Randall,Schultz,54,alexandriasmith@example.net,U71505563,Yemen,Donacion,Seguidor
Andrea,Castro,55,zachary70@example.net,W17627637,Namibia,Donacion,Seguidor
Kristina,Cain,38,daviscynthia@example.org,A04001509,Poland,Donacion,Seguidor
Julia,Parker,34,yalvarado@example.com,C50130899,Armenia,Donacion,Seguidor
Makayla,Christian,69,jcervantes@example.com,K17837210,Antigua and Barbuda,Abogado,Seguidor
Nancy,Shaffer,40,johnmoss@example.org,E81990274,Portugal,Donacion,Seguidor
David,Harris,59,aaron23@example.org,L67712696,Holy See (Vatican City State),Donacion,Seguidor
Tiffany,Fritz,64,lmurphy@example.net,L98596768,Kuwait,Abogado,Seguidor
Arthur,Stone,27,mmontgomery@example.org,T58859473,Ecuador,Presencial,Seguidor
